{"random_forest": {"accuracy": 88.3, "precision": 87.8, "recall": 90.6, "f1": 89.1, "confusion_matrix": [[97, 16], [12, 115]]}, "logistic_regression": {"accuracy": 85.8, "precision": 88.4, "recall": 84.3, "f1": 86.3, "confusion_matrix": [[99, 14], [20, 107]]}, "decision_tree": {"accuracy": 79.2, "precision": 82.4, "recall": 77.2, "f1": 79.7, "confusion_matrix": [[92, 21], [29, 98]]}, "feature_importance": {"attendance": 0.28853513756609706, "internal_marks": 0.21314319028214185, "assignments": 0.04974722617368867, "backlogs": 0.15213646547668552, "family_income": 0.05819205012049654, "travel_distance": 0.0849131818435745, "internet": 0.018914551701043548, "participation": 0.021187613882778566, "stress": 0.07394142281929923, "dept": 0.039289160134194534}}